epoch,train_accuracy,train_balanced_accuracy,train_precision,train_recall,train_f1,train_mcc,train_roc_auc,train_average_precision,train_tn,train_fp,train_fn,train_tp,train_loss,valid_accuracy,valid_balanced_accuracy,valid_precision,valid_recall,valid_f1,valid_mcc,valid_roc_auc,valid_average_precision,valid_tn,valid_fp,valid_fn,valid_tp,valid_loss
1,0.6461595824011931,0.6461595824011932,0.6501225490196079,0.6329604772557793,0.6414267361898285,0.29242107163842795,0.7113777435228421,0.7170499811988127,4421,2284,2461,4244,0.6174231667913314,0.708768267223382,0.708768267223382,0.7235469448584203,0.6757132915796799,0.6988125224901044,0.4184519632897043,0.7828354808231988,0.7915813741553845,1066,371,466,971,0.5618303888940778
2,0.7244593586875466,0.7244593586875466,0.7411086190323615,0.6899328859060403,0.7146057001621997,0.4499928519048495,0.7886948702677724,0.7858405691588726,5089,1616,2079,4626,0.5548948744710571,0.7143354210160056,0.7143354210160056,0.7238372093023255,0.6931106471816284,0.708140774973338,0.4290575895228358,0.7985311159634843,0.801363798467946,1057,380,441,996,0.5576561252607931
3,0.734675615212528,0.734675615212528,0.7492475843497545,0.7054436987322893,0.7266861269012137,0.4701554184522173,0.8058124842557975,0.8039636288353076,5122,1583,1975,4730,0.5363369271881451,0.7178148921363953,0.7178148921363953,0.7045751633986929,0.7501739735560194,0.726659925851028,0.43654496490090217,0.807857163957425,0.8085934008062805,985,452,359,1078,0.5420214372039588
4,0.7435495898583147,0.7435495898583147,0.7542029887920298,0.7225950782997763,0.7380607814761215,0.48752750629522157,0.8187955052630816,0.8165868886865213,5126,1579,1860,4845,0.5216955733734845,0.7258176757132916,0.7258176757132915,0.8190757128810227,0.5796798886569241,0.6788916055419723,0.47225685268244544,0.8149923800308867,0.81850602111714,1253,184,604,833,0.5521297273572817
5,0.7422818791946308,0.7422818791946308,0.7547436098478909,0.7178225205070843,0.7358202109769149,0.48514459151404526,0.818883022175066,0.8193028330161944,5141,1564,1892,4813,0.5217488021125196,0.7171189979123174,0.7171189979123174,0.808910891089109,0.5685455810716771,0.6677564364527994,0.4547795721775125,0.8127632908774901,0.8178324017089936,1244,193,620,817,0.5445995271081466
6,0.7526472781506338,0.7526472781506339,0.7630434782608696,0.7328859060402685,0.7476607074933435,0.5056896662482918,0.829808400355673,0.827180870735444,5179,1526,1791,4914,0.5080074163180158,0.7400835073068893,0.7400835073068894,0.7751196172248804,0.6764091858037579,0.7224080267558528,0.4841086194376082,0.8231242212352825,0.8290062035011565,1155,282,465,972,0.5169309543169615
7,0.7638329604772558,0.7638329604772558,0.7735003092145949,0.7461595824011932,0.7595839975707888,0.5279958612545566,0.8405712344177578,0.8378026406636951,5240,1465,1702,5003,0.4937416162266827,0.7379958246346555,0.7379958246346555,0.842,0.5859429366736256,0.6910135412392285,0.49965623187683933,0.8350769430436971,0.8392632908617947,1279,158,595,842,0.5209186318937739
8,0.774496644295302,0.7744966442953021,0.7838963442850532,0.7579418344519016,0.7707006369426752,0.5492944523253057,0.8553114335301324,0.8559190949039915,5304,1401,1623,5082,0.4727440868759226,0.755741127348643,0.755741127348643,0.841225626740947,0.6304801670146137,0.720763723150358,0.5283302154265467,0.8443928213934446,0.8488019275557154,1266,171,531,906,0.5188592099114765
9,0.7781506338553319,0.7781506338553319,0.7877198395556927,0.7615212527964206,0.7743990293470843,0.5566091982006535,0.860891729379335,0.8587059631717753,5329,1376,1599,5106,0.4652891891781382,0.7661795407098121,0.7661795407098121,0.776173285198556,0.7480862908837856,0.7618710134656272,0.532707976300932,0.8499735347116592,0.8558641443254781,1127,310,362,1075,0.48775747213084913
10,0.784041759880686,0.784041759880686,0.7897459303210101,0.7741983594332588,0.7818948636842898,0.5681936378729271,0.8661431778459541,0.8662273935106919,5323,1382,1514,5191,0.4567979756795498,0.7028531663187195,0.7028531663187195,0.9123055162659123,0.4488517745302714,0.601679104477612,0.47100920229937543,0.8363868900695363,0.8448554761225283,1375,62,792,645,0.6100731432313461
11,0.8034302759134974,0.8034302759134974,0.8085848627332018,0.7950782997762863,0.8017747029628516,0.6069452332773948,0.8826506758398716,0.8831487769604646,5443,1262,1374,5331,0.4305104419866842,0.7613082811412665,0.7613082811412666,0.8566001899335233,0.627696590118302,0.7244979919678715,0.5423389282163344,0.8587039321171406,0.8616527300699609,1286,151,535,902,0.5152200942621848
12,0.8087248322147651,0.8087248322147651,0.8174846625766872,0.7949291573452647,0.8060491493383742,0.6176848255430041,0.8898032176283908,0.8887842838184248,5515,1190,1375,5330,0.41855140841336147,0.7056367432150313,0.7056367432150313,0.9239598278335724,0.44815588030619347,0.6035613870665417,0.4797797096798955,0.854131466380367,0.8642628610445995,1384,53,793,644,0.6606861061741266
13,0.8148396718866517,0.8148396718866517,0.8216026812918952,0.8043251304996272,0.8128721079207175,0.6298186190988591,0.8989781574737207,0.9008948159288277,5534,1171,1312,5393,0.40135851721546706,0.7254697286012526,0.7254697286012526,0.901985111662531,0.5059151009046625,0.6482389656709764,0.5019173608235267,0.8560888807531735,0.8638691161378571,1358,79,710,727,0.6155065930627996
14,0.8255779269202088,0.8255779269202088,0.828073339344755,0.8217747949291574,0.8249120443146942,0.6511746910507265,0.9040921302065694,0.904928420273782,5561,1144,1195,5510,0.392123425420232,0.7727905358385525,0.7727905358385525,0.8385146804835925,0.6757132915796799,0.7483622350674374,0.5561643422946307,0.8569315084148963,0.8630464223576451,1250,187,466,971,0.492261183328237
15,0.8336316181953766,0.8336316181953766,0.8355835583558355,0.8307233407904548,0.8331463615286815,0.6672745242054581,0.9150173081959938,0.9153649038845233,5609,1096,1135,5570,0.3705407409971104,0.7835768963117606,0.7835768963117606,0.8359439406430338,0.7056367432150313,0.7652830188679245,0.5741725052390733,0.8577981073807888,0.8650229242917222,1238,199,423,1014,0.5060816884621532
16,0.8647278150633856,0.8647278150633855,0.8669167291822956,0.8617449664429531,0.8643231114435302,0.7294686109697242,0.937862948004233,0.9384360076825392,5818,887,927,5778,0.3185313686961829,0.7738343771746694,0.7738343771746694,0.8646895273401297,0.6492693110647182,0.7416534181240063,0.5654989248459048,0.8621136685344912,0.8676176745073805,1291,146,504,933,0.5801287340719665
17,0.8691275167785235,0.8691275167785235,0.8668840794544915,0.8721849366144668,0.8695264292617649,0.7382688360886269,0.941783636706388,0.942083458180824,5807,898,857,5848,0.3083616290738741,0.7286012526096033,0.7286012526096033,0.9111389236545682,0.5066109951287404,0.6511627906976745,0.5102499012978908,0.8569736397979825,0.8658016581330108,1366,71,709,728,0.7151986247313545
18,0.8833706189410887,0.8833706189410888,0.889764973464746,0.8751677852348994,0.882406015037594,0.7668444413544202,0.9547629096898651,0.9550576919229139,5978,727,837,5868,0.27346237221153524,0.7540013917884482,0.7540013917884482,0.8739754098360656,0.5935977731384829,0.7070037297969333,0.5363519294097756,0.8627848650512429,0.8678217175938171,1314,123,584,853,0.6320373863500278
19,0.8908277404921701,0.8908277404921701,0.8924666766511906,0.8887397464578672,0.8905993125093409,0.7816622966701238,0.9597965167846405,0.9606500633697396,5987,718,746,5959,0.25768281635199797,0.7379958246346555,0.7379958246346555,0.875,0.5553235908141962,0.6794380587484036,0.5113393099579348,0.8564179413831394,0.8617252517661074,1323,114,639,798,0.6590579126390551
20,0.8989560029828486,0.8989560029828486,0.8980654761904762,0.9000745712155108,0.8990689013035382,0.7979140026600428,0.9629917682497895,0.9632885328385993,6020,685,670,6035,0.24661872277590519,0.7139874739039666,0.7139874739039667,0.9094540612516645,0.47529575504523314,0.6243144424131627,0.4870574045985307,0.8544636747573451,0.8625154085201923,1369,68,754,683,0.7733703240721111
21,0.9119313944817301,0.91193139448173,0.9133492966177791,0.9102162565249814,0.9117800851572421,0.823867636117621,0.9716772184102486,0.9722198192955332,6126,579,602,6103,0.21719671302015972,0.7032011134307585,0.7032011134307585,0.920749279538905,0.44467640918580376,0.5997184420459878,0.4747936096765118,0.854624936258123,0.8612382569080447,1382,55,798,639,0.8543337499755244
22,0.9152125279642058,0.9152125279642058,0.9147794994040525,0.9157345264727815,0.9152567638071104,0.8304255084812774,0.9716353784530894,0.9721688892269353,6133,572,565,6140,0.21552712792207018,0.7171189979123174,0.7171189979123174,0.9041450777202072,0.4857341684064022,0.6319601629696695,0.4898460199016828,0.8510335990516081,0.856966234388001,1363,74,739,698,0.8057024792904811
23,0.9301267710663684,0.9301267710663683,0.932383808095952,0.9275167785234899,0.9299439252336449,0.8602652625715944,0.9813908504844349,0.9817174899039933,6254,451,486,6219,0.17604696209932066,0.7407794015309673,0.7407794015309672,0.8844444444444445,0.5539318023660403,0.6812152332049636,0.5191720042193164,0.8566210921326181,0.8613040478591001,1333,104,641,796,0.7374129603534584
24,0.9417598806860552,0.9417598806860552,0.9424858081864356,0.9409395973154362,0.9417120680647809,0.8835209503532199,0.9851850850895939,0.9856051979769755,6320,385,396,6309,0.15614592975462488,0.7265135699373695,0.7265135699373695,0.8955042527339003,0.5128740431454419,0.6522123893805309,0.5010698145701828,0.851692688849082,0.8567589745062927,1351,86,700,737,0.822324195377679
25,0.9453392990305742,0.9453392990305742,0.9451401311866429,0.9455630126771066,0.9453515246402744,0.8906786872141627,0.9865105842746489,0.9867131802974577,6337,368,365,6340,0.14771753555020675,0.7205984690327071,0.720598469032707,0.9074550128534704,0.4913013221990257,0.6374717832957111,0.49648235724776946,0.8504117979495092,0.8583530219587451,1365,72,731,706,0.8749968634766676
26,0.9507829977628636,0.9507829977628635,0.9538969815287581,0.9473527218493661,0.9506135887458844,0.9015872133553343,0.9890786256430447,0.9891078711660132,6398,307,353,6352,0.13355228163629748,0.7494780793319415,0.7494780793319415,0.8730489073881373,0.5838552540013918,0.6997497914929107,0.5288103867064742,0.8564017183793076,0.8622553315638773,1315,122,598,839,0.8005661715960121
27,0.9570469798657718,0.9570469798657718,0.9582772543741588,0.9557046979865772,0.956989247311828,0.9140972536332618,0.9912555601710745,0.9914958109180827,6426,279,297,6408,0.11939469807733359,0.7609603340292276,0.7609603340292275,0.8465804066543438,0.6374391092553932,0.7272727272727273,0.5386152311039719,0.8541786825855496,0.8584077699652026,1271,166,521,916,0.7330586873539305
28,0.9582401193139448,0.9582401193139448,0.9571492337449784,0.9594332587621178,0.9582898852971846,0.9164828480081043,0.9924543494592892,0.9928108797482367,6417,288,272,6433,0.1117179791665984,0.732776617954071,0.732776617954071,0.8876013904982619,0.5330549756437022,0.6660869565217391,0.5078257102661277,0.8540060407686507,0.8602308994661425,1340,97,671,766,0.9087641578460619
