metric,mean,std,mean±std,min,max
best_valid_metric,0.8680834675968502,0.007242931154378446,0.8681 ± 0.0072,0.8543755378410038,0.8819120287035787
best_epoch,15.3,2.540778533354601,15.3000 ± 2.5408,12.0,20.0
loss,0.5178908113667594,0.05517120964349608,0.5179 ± 0.0552,0.45007453177567563,0.629216915111867
accuracy,0.7819067501739735,0.016897481097593526,0.7819 ± 0.0169,0.7477383437717467,0.7957550452331246
balanced_accuracy,0.7819067501739735,0.016897481097593543,0.7819 ± 0.0169,0.7477383437717466,0.7957550452331246
precision,0.8335582225768163,0.03196023373035862,0.8336 ± 0.0320,0.7921541637990365,0.8852119958634953
recall,0.7097425191370912,0.07797635466157056,0.7097 ± 0.0780,0.5852470424495476,0.8009742519137091
f1,0.762913275600399,0.034814220158448685,0.7629 ± 0.0348,0.6987951807228916,0.7965397923875432
mcc,0.5735739761926834,0.022801757074182107,0.5736 ± 0.0228,0.5239147849576815,0.5920437517766403
roc_auc,0.8703554387499279,0.005237430285964278,0.8704 ± 0.0052,0.8630778476577615,0.8796311227916739
average_precision,0.8743030774014551,0.005154870829667132,0.8743 ± 0.0052,0.8661877764920864,0.8841170528210429
tn,1227.3,67.68234629502733,1227.3000 ± 67.6823,1135.0,1326.0
fp,209.7,67.68234629502733,209.7000 ± 67.6823,111.0,302.0
fn,417.1,112.0520216486769,417.1000 ± 112.0520,286.0,596.0
tp,1019.9,112.0520216486769,1019.9000 ± 112.0520,841.0,1151.0
