epoch,train_loss,valid_loss,valid_roc_auc,valid_average_precision,lr
1,0.6852813975460474,0.6731808750936032,0.6558223349836001,0.631578120250651,0.0001
2,0.6505780609526003,0.6374428099476309,0.6832539065232868,0.6526072042238448,0.0001
3,0.639923655137981,0.6415346236855136,0.6884499837442538,0.6554134328821682,0.0001
4,0.6350319325822527,0.6342455556831221,0.694220979377837,0.6623324208807522,0.0001
5,0.6284951369238073,0.6257985455158698,0.6996799264170279,0.6686806191420549,0.0001
6,0.6246543777206254,0.6272094638122131,0.7039547761028185,0.6742389972100991,0.0001
7,0.6183711243110322,0.6287202956617541,0.704060026914577,0.6704979262362084,0.0001
8,0.6116936896116737,0.6149168030884186,0.7183496508101123,0.687565849681101,0.0001
9,0.6029395004176282,0.6087204520192431,0.7283728615463124,0.6962300800235226,0.0001
10,0.593756464498156,0.604483929316347,0.7327977167878645,0.6930180764159065,0.0001
11,0.5924362479611995,0.6031539058923234,0.7408613899280219,0.7097855031443673,0.0001
12,0.5830301490009627,0.7078446138064644,0.7419500104942158,0.7140294047448966,0.0001
13,0.5850107605344325,0.5967953526722274,0.748159396850089,0.715323149013175,0.0001
14,0.5706811488819007,0.6364793858714156,0.747772654131223,0.7208209597069692,0.0001
15,0.5625758101757647,0.5862314740555388,0.752555650209267,0.7196245656268196,0.0001
16,0.563238566365016,0.6463334711805496,0.7561500220172763,0.7300673211016961,0.0001
17,0.554589806886374,0.593037434961553,0.7598845224720256,0.7323257679269322,0.0001
18,0.5476631431330452,0.6212467145395268,0.764013687749752,0.7368691750309704,0.0001
19,0.5465515032254911,0.5865212633756316,0.7665580206674321,0.7416319008040795,0.0001
20,0.5378108722355357,0.5761518017535686,0.7686202369635089,0.744360504892514,0.0001
21,0.551900902669311,0.5732567325203995,0.7715886596622921,0.7446759947415665,0.0001
22,0.5216832844483896,0.6042054264176105,0.7781839656612797,0.7574778226354679,0.0001
23,0.518251151841582,0.7132888290448967,0.7761709281413713,0.7549464224439922,0.0001
24,0.5233308299083177,0.669752483006696,0.7756360317871855,0.7575968571988411,0.0001
25,0.5212678082687452,0.6076277433460493,0.7803481404661078,0.7608525534274251,0.0001
26,0.5075869006505134,0.6474584483808334,0.7848008773987514,0.7690682400888831,0.0001
27,0.5016286265661766,0.5769931172183593,0.7936405052038964,0.7772141101579026,0.0001
28,0.497089254887976,0.5582334101673264,0.7939263182587011,0.7765013352582235,0.0001
29,0.49547886712582984,0.63156706305636,0.7884100645702927,0.7757341889754448,0.0001
30,0.49163382176205717,0.5693238372569128,0.7989075727084542,0.7857786201535555,0.0001
31,0.46981729255122373,0.5777534366762538,0.7993370124819436,0.7855138219350523,0.0001
32,0.47220104466666574,0.5684337328826253,0.7995565679387302,0.7883992599348559,0.0001
33,0.47818918126176946,0.6183972909056321,0.7998181002588572,0.7915240802712635,0.0001
34,0.46258376952799385,0.6927261054988999,0.796264264931623,0.7880331027619858,0.0001
35,0.47257813134286125,0.646522764135959,0.7990340177208208,0.7922632972238436,0.0001
36,0.45164830320226174,0.5785659517417773,0.8010959253634908,0.7877703898365063,0.0001
37,0.4557554742110891,0.6655849512809257,0.798845842027071,0.7930969666295313,0.0001
38,0.4372283881605758,0.6637101555714182,0.7987464556300439,0.7941974175887734,0.0001
39,0.4405195079017815,0.6357416324697673,0.8002521698334506,0.7955482931796992,0.0001
40,0.435524163366378,0.632904195885562,0.8050834187274425,0.7979917355401325,0.0001
41,0.4297828394992963,0.6481169223596136,0.8051292023161352,0.8007452922590662,0.0001
42,0.4362996108621757,0.5804633202264032,0.8015218670650353,0.7938264560416536,0.0001
43,0.4417820126723548,0.5841132038627576,0.8069866785189574,0.798961023282688,0.0001
44,0.41784175894384973,0.6700294855149811,0.7968906255787251,0.7867485384745236,0.0001
45,0.40377369494513493,0.6260736237093553,0.7980124778283968,0.7932775145512643,0.0001
46,0.40495329313840206,0.6013646656408632,0.8057306649217462,0.8013793551840114,0.0001
47,0.3912757107481487,0.6949238470552945,0.8027776748933089,0.7983776534595156,0.0001
48,0.36942467550895336,0.706218849290496,0.8025503002168803,0.7996468798193564,5e-05
49,0.362362028560256,0.6457260512635129,0.8021354700379849,0.8002591627565985,5e-05
50,0.3712769360646587,0.6776892447531102,0.8050682947105037,0.8042842461285185,5e-05
